{
  "builtin_entity_scope": [],
  "config": {
    "unit_name": "tfidf_vectorizer",
    "use_stemming": false,
    "word_clusters_name": null
  },
  "language_code": "en",
  "vectorizer": {
    "idf_diag": [
      4.4094961844768505,
      4.4094961844768505,
      3.716349003916905,
      3.716349003916905,
      3.4932054526026954,
      4.186352633162641,
      1.1806700287554817
    ],
    "vocab": {
      "hello": 0,
      "hey": 1,
      "hi": 2,
      "matris": 3,
      "matrix": 4,
      "mytrys": 5,
      "unknownword": 6
    }
  }
}