{
  "coeffs": [
    [
      -1.0746310064012088,
      -1.3201332246994548,
      -1.7241174750648351,
      -2.4196099036649,
      -2.813462513771146,
      -2.751640049024951,
      1.9298407846770382
    ]
  ],
  "config": {
    "data_augmentation_config": {
      "add_builtin_entities_examples": false,
      "max_unknown_words": 5,
      "min_utterances": 20,
      "noise_factor": 5,
      "unknown_word_prob": 0.5,
      "unknown_words_replacement_string": "unknownword"
    },
    "featurizer_config": {
      "added_cooccurrence_feature_ratio": 0,
      "cooccurrence_vectorizer_config": {
        "filter_stop_words": true,
        "keep_order": true,
        "unit_name": "cooccurrence_vectorizer",
        "unknown_words_replacement_string": "unknownword",
        "window_size": 5
      },
      "pvalue_threshold": 0.4,
      "tfidf_vectorizer_config": {
        "unit_name": "tfidf_vectorizer",
        "use_stemming": false,
        "word_clusters_name": null
      },
      "unit_name": "featurizer"
    },
    "unit_name": "log_reg_intent_classifier"
  },
  "featurizer": "featurizer",
  "intent_list": [
    "patukes:matrixInput",
    null
  ],
  "intercept": [
    -0.052728744254980885
  ],
  "t_": 1321.0
}