{
  "id" : "proj_XanqlNdePDy",
  "name" : "matrix",
  "intents" : [ {
    "id" : "patukes:matrixInput",
    "type" : "registry",
    "version" : "0.2.0",
    "language" : "en",
    "slots" : [ ],
    "name" : "matrixInput",
    "enabledByDefault" : true
  } ],
  "createdAt" : "2019-09-21T22:36:56.910Z",
  "language" : "en",
  "version" : {
    "nluModel" : "0.19.7"
  },
  "platform" : {
    "type" : "raspberrypi"
  },
  "asr" : {
    "type" : "snips"
  },
  "analyticsEnabled" : true,
  "heartbeatEnabled" : true,
  "hotword" : "hey_snips"
}